id,lastname,firstname
1,Mellor,Alexander
2,Schalk,Alexander
3,Storey,Alice
4,Montgomery,Andrew
5,Leighton,Angela
6,Torres,Brian Jesus Cedillo
7,Catzin,Chris
8,De Hoyos,Daniel
9,Loughran,David
10,Sobers,Deron F.
11,Hunter,Devlin Chase
12,Buchanan,Elbert
13,Silva,Issic
14,Guevara,Joel Reyes
15,Mills,John
16,Patiag,Jonathan
17,Chacko,Joseph
18,Williams,Lonnie
19,John,Marilyn
20,Kirk,Robert
21,Mao,Hannah Mao
22,Hand,Trey
23,Chmielewski,Victoria
24,Ubak,Yvonne
25,Gauthier,Claude
